[{"id": "40f3ec25-7780-4fd0-a1f9-09166b2b98ad", "FirstName": "Autumn", "MiddleName": "", "LastName": "Skye", "Suffix": "", "DOB": null, "Sex": "U", "PhotoPrefix": "40f3ec25-7780-4fd0-a1f9-09166b2b98ad", "PhotoFileName": "ab62f9c5-ea2b-4cb9-9b0f-5921b739b27c.jpg", "Status": "A", "UserType": "A", "Email": "skyeautumn42@gmail.com", "Phone": "+16065166871", "Password": "$2a$10$Q9.kIwxQ9Dw.J2Ca7G.G1O3xqpmovJsePSTmWrBDbriBDvjQX6zyi", "LastLoginIp": null, "LastLoginDate": null, "created": "2021-03-28T15:18:29", "updated": "2021-03-28T15:58:48", "default_account_id": "048fe2d7-cf2b-47be-beaf-a9488474a97c", "Locale": "en_US", "DateFormat": "mdy12", "TimeZone": "America/New_York"}]