[{"id": 9570438778, "user_id": "40f3ec25-7780-4fd0-a1f9-09166b2b98ad", "app_id": "safetymap", "app_version": "Version 21.10.2 build 446.a-3.11.0.K", "device_udid": "DE5650DE-316F-4ED6-B935-0342833CD3B5", "ad_udid": "", "ad_limit": 1, "device_token": "d3cf000a420806a119f38d56a0ad204c817344b48852cbeab871b406e1f04bd9", "device_type": "iphone", "device_name": "Autumn Skye<?>", "device_model": "iPhone10,6", "device_version": "14.7.1", "extras": "", "status": "A", "created": "2021-03-28T15:25:47", "updated": "2021-12-12T12:56:34"}]