[{"id": 37127750329, "user_id": "40f3ec25-7780-4fd0-a1f9-09166b2b98ad", "app_id": "safetymap_voip", "app_version": "21.3.2.257530", "device_udid": "DE5650DE-316F-4ED6-B935-0342833CD3B5", "ad_udid": "", "ad_limit": 1, "device_token": "09c79cae8c4ad68036d81a88e29d121129a7d5dfa8ce4c765bf55cc13be8637f", "device_type": "iphone", "device_name": "Autumn Skye\u2728", "device_model": "iPhone", "device_version": "14.4.1", "extras": "", "status": "A", "created": "2021-03-28T15:25:46", "updated": "2021-03-28T15:25:46"}]