[{"pk_id": 4481922658, "id": "cd9eaf62-2d56-4991-a936-3f6cb930c759", "user_id": "40f3ec25-7780-4fd0-a1f9-09166b2b98ad", "request_user_id": "e7e04eac-2811-4a10-a7b4-7e29b9781bb3", "account_id": "329c0e01-2724-4fa6-b35c-2c61fb7a132d", "status": "P", "type": "O", "transaction_type": "location", "created": "2021-12-11T01:55:02", "updated": "2021-12-11T01:55:02"}, {"pk_id": 4481922659, "id": "efed79d1-1cd9-4e2b-bdb2-9fc80718c100", "user_id": "40f3ec25-7780-4fd0-a1f9-09166b2b98ad", "request_user_id": "e7e04eac-2811-4a10-a7b4-7e29b9781bb3", "account_id": "329c0e01-2724-4fa6-b35c-2c61fb7a132d", "status": "P", "type": "O", "transaction_type": "location", "created": "2021-12-11T01:55:02", "updated": "2021-12-11T01:55:02"}]