[{"id": 829143747, "user_id": "40f3ec25-7780-4fd0-a1f9-09166b2b98ad", "account_id": "048fe2d7-cf2b-47be-beaf-a9488474a97c", "PersonalPin": null, "MemberStatus": "S", "created": "2021-03-28T15:18:29", "updated": "2021-03-28T15:24:20", "skyhook_registration": 0, "UserType": "A", "UserStatus": "D"}, {"id": 829144700, "user_id": "40f3ec25-7780-4fd0-a1f9-09166b2b98ad", "account_id": "329c0e01-2724-4fa6-b35c-2c61fb7a132d", "PersonalPin": null, "MemberStatus": "S", "created": "2021-03-28T15:24:20", "updated": "2021-03-28T15:24:20", "skyhook_registration": 0, "UserType": "R", "UserStatus": "A"}, {"id": 878819128, "user_id": "40f3ec25-7780-4fd0-a1f9-09166b2b98ad", "account_id": "8cc672bd-7e03-42d0-a4ee-32e5e9d12ee4", "PersonalPin": null, "MemberStatus": "S", "created": "2021-10-19T13:26:35", "updated": "2021-11-28T20:41:19", "skyhook_registration": 0, "UserType": "A", "UserStatus": "D"}, {"id": 860295572, "user_id": "40f3ec25-7780-4fd0-a1f9-09166b2b98ad", "account_id": "d49199e2-0ff5-4851-8ba5-b808eff24bf9", "PersonalPin": null, "MemberStatus": "S", "created": "2021-07-31T11:36:48", "updated": "2021-12-09T10:50:54", "skyhook_registration": 0, "UserType": "R", "UserStatus": "D"}]